,Tipo de Fuente,Fuente,Descripción,Sector,País/Región,Idioma,URL,RSS,Observaciones,Generado?,Probado?,OBSERVACIONES NUESTRAS,TIENE RSS EN LA SECCIÓN DE REDES SOCIALES?,RSS ACTUAL LLEVA A ALGÚN LADO?
,Tecnologías Médicas,Bonorino Academy (CONICET),Cursos,Tecnologías,Argentina,Español,https://cursos-landing-individuales.vercel.app/ ,,,,,,,
,Tecnologías médicas ,ACADEMIA SADIO | Sociedad Argentina de Informática,Cursos,Tecnologías,Argentina,Español, https://academia.sadio.org.ar/ ,,,,,,,
,Tecnologías médicas ,"Secretaria de Innovación, Ciencia y Tecnología







",Convocatorias,Gral.,Argentina,Español,https://www.argentina.gob.ar/ciencia/convocatorias,,,,,,,
,Emprendedores,"Secretaria de Innovación, Ciencia y Tecnología







",Convocatorias,Gral.,Argentina,Español,https://www.argentina.gob.ar/ciencia/empresas-y-emprendedores ,,,,,,,
,Tecnologías Médicas - Emprendedores,Universidad Nacional de Córdoba - Secretaría de Innovación y Vinculación Tecnológica,Financiamiento,Gral.,Argentina,Español, https://www.unc.edu.ar/secretar%C3%ADa-de-innovaci%C3%B3n-y-vinculaci%C3%B3n-tecnol%C3%B3gica/conoc%C3%A9-los-financiamientos ,,,,,,,
,Emprendedores,Innovab,Novedades,Gral.,Argentina,,https://innovab.cordoba.gob.ar// ,,,,,,,
1,Tecnologías Médicas,Agencia nacional de promoción científica y tecnológica - MinCyT,Financiamiento,Gral.,Argentina,Español,https://www.argentina.gob.ar/ciencia/agencia/financiamiento-idi,,,,,,,
,,,Convocatorias,Gral.,Argentina,Español,https://www.argentina.gob.ar/ciencia/financiamiento/convocatorias-abiertas-mincyt,,,,,,,
,,,Concursos,Gral.,Argentina,Español,https://cii.agencia.mincyt.gob.ar/#/,,,,,,,
,,"Secretaria de Innovación, Ciencia y Tecnología",Tecnologías de la Información,Ciudadanía e Inclusión Digital,Argentina,Español,https://www.argentina.gob.ar/jefatura/innovacion-ciencia-y-tecnologia/tecnologias-de-la-informacion/ciudadania-e-inclusion,,,,,,,
,,,,Soluciones Tecnológicas para la Administración Pública,Argentina,Español,https://www.argentina.gob.ar/jefatura/innovacion-ciencia-y-tecnologia/tecnologias-de-la-informacion/solucione,,,,,,,
,,,Ciencia y Tecnología,Financiamiento,Argentina,Español,https://www.argentina.gob.ar/ciencia/financiamiento,,,,,,,
,,,,Publicaciones,Argentina,Español,https://www.argentina.gob.ar/ciencia/publicaciones-cyt,,,,,,,
,,,,"Científicas/os, investigadoras/es e instituciones",Argentina,Español,https://www.argentina.gob.ar/ciencia/cientificos-investigadores-e-instituciones,,,,,,,
,,,,Empresas y Emprendedoras/es,Argentina,Español,https://www.argentina.gob.ar/ciencia/empresas-y-emprendedores,,,,,,,
,,,,Estudiantes,Argentina,Español,https://www.argentina.gob.ar/ciencia/estudiantes,,,,,,,
,,,,Curiosas/os por la ciencia,Argentina,Español,https://www.argentina.gob.ar/ciencia/curiosos,,,,,,,
,,,Innovación,Noticias,Argentina,Español,https://www.argentina.gob.ar/jefatura/innovacion-ciencia-y-tecnologia/innovacion/noticias,,,,,,,
2,,FONARSEC,Ventanilla permanente,Gral.,Argentina,Español,http://www.agencia.mincyt.gob.ar/frontend/agencia/instrumentos/5/ventanilla,,,,,,,
,,,Convocatoria Pública,Gral.,Argentina,Español,http://www.agencia.mincyt.gob.ar/frontend/agencia/instrumentos/5/convocatoria,,,,,,,
3,,FONCYT,Ventanilla permanente,Gral.,Argentina,Español,http://www.agencia.mincyt.gob.ar/frontend/agencia/instrumentos/3/ventanilla,,,,,,,
,,,Convocatoria Pública,Gral.,Argentina,Español,http://www.agencia.mincyt.gob.ar/frontend/agencia/instrumentos/3/convocatoria,,,,,,,
4,,FONTAR,Ventanilla permanente,Gral.,Argentina,Español,http://www.agencia.mincyt.gob.ar/frontend/agencia/instrumentos/4/ventanilla,,,,,,,
,,,Convocatoria Pública,Gral.,Argentina,Español,http://www.agencia.mincyt.gob.ar/frontend/agencia/instrumentos/4/convocatoria,,,,,,,
5,,FONSOFT,Ventanilla permanente,Gral.,Argentina,Español,http://www.agencia.mincyt.gob.ar/frontend/agencia/instrumentos/2/ventanilla,,,,,,,
,,,Convocatoria Pública,Gral.,Argentina,Español,http://www.agencia.mincyt.gob.ar/frontend/agencia/instrumentos/2/convocatoria,,,,,,,
,,,Beneficios fiscales,Gral.,Argentina,Español,https://www.argentina.gob.ar/produccion/beneficios-impositivos,,Poca frecuencia,SI,SI,URL correcto,No,No
,,NANOU,Cursos ,,Argentina,Español,https://nanou.org.ar/ ,,,,,,,
9,,BID,Noticias,Gral.,Latinoamérica,Español,https://www.iadb.org/es/home/sala-de-prensa,,,SI,SI,URL correcto,No,No
,,,Proyectos,Gral.,Latinoamérica,Español,https://www.iadb.org/es/proyectos,,,,,,,
,,,Eventos,Gral.,Latinoamérica,Español,https://events.iadb.org/calendar/?lang=es,,,,,,,
,,,Cursos,Gral.,Latinoamérica,Español,https://cursos.iadb.org/es,,,,,,,
,,,Publicaciones,Gral.,Latinoamérica,Español,https://publications.iadb.org/es,,,,,,,
10,,Secretaría de Educación,Convocatorias,Educ.,Argentina,Español,https://www.argentina.gob.ar/educacion/convocatorias,,Tiene las líneas del SPU,SI,SI,URL correcto,No,No
12,,Common Fund for Commodities (CFC),Convocatorias,Gral.,Paises Bajos,Inglés,https://www.common-fund.org/call-for-proposals,,,NO,SI,URL modificado,,No
13,Tecnologías Médicas,Red Bio Argentina,Cursos,Biotec.,Argentina,Español,http://www.redbioargentina.org.ar/cursos-y-talleres/,,,,,,,
,,,Jornadas y workshops,Biotec.,Argentina,Español,http://www.redbioargentina.org.ar/jornadas/,,,,,,,
,,,Simposios y congresos,Biotec.,Argentina,Español,http://www.redbioargentina.org.ar/simposios-y-congresos/,,,,,,,
14,Tecnologías Médicas - Emprendedores,Programa horizonte,Financiamiento,Gral.,UE,Inglés,https://commission.europa.eu/research-and-innovation_es,,,NO,SI,URL modificado,No,Si
15,,OEA,Becas,Educación,América,Español,http://www.oas.org/es/becas/,,,SI,SI,URL modificado,No,No
19,,COPAL,Eventos,Gral.,Argentina,Español,https://copal.org.ar/calendario,,,,,,,
,,,Novedades,Gral.,Argentina,Español,https://copal.org.ar/novedades/,,,,,,,
21,,Fundación BBVA,Eventos,Gral.,Argentina,Español,https://www.fbbva.es/agenda/,,,,,,,
,,,Convocatorias,Gral.,Argentina,Español,https://www.fbbva.es/convocatorias/ ,,Anual. No dinerario,,,URL modificado,No,
22,,Fundación Sadosky,Novedades,Gral.,Argentina,Español,https://fundacionsadosky.org.ar/novedades/,,,,,,,
,,,Vinculación Tecnológica,Gral.,Argentina,Español,https://fundacionsadosky.org.ar/vinculacion-tecnologica/,,,,,,,
,,,Ciencia de Datos e Inteligencia Artificial,Gral.,Argentina,Español,https://fundacionsadosky.org.ar/ciencia-de-datos-e-inteligencia-artificial/,,,,,,,
,,,"TIC, Justicia",Gral.,Argentina,Español,https://fundacionsadosky.org.ar/tic-justicia/,,,,,,,
,,,Seguridad en TIC,Gral.,Argentina,Español,https://fundacionsadosky.org.ar/seguridad-en-tic/,,,,,,,
,,,Proyectos de software,Gral.,Argentina,Español,https://fundacionsadosky.org.ar/proyectos-software-organismos-publicos/,,,,,,,
,,,Vocaciones de TIC y Educación,Gral.,Argentina,Español,https://fundacionsadosky.org.ar/vocaciones-educacion/,,,,,,,
,,,Publicaciones,Gral.,Argentina,Español,https://fundacionsadosky.org.ar/publicaciones/,,,,,,,
,,,Convocatorias,Gral.,Argentina,Español,http://www.fundacionsadosky.org.ar/convocatorias/,,Revisar web - No hay financiamiento en convocatorias,,,URL correcto pero convocatoria vencida,No,
23,Emprendedores,Empretec,Noticias,Gral.,Argentina,Español,https://empretec.org.ar/noticias/,,,,,,,
,,,Formación,Gral.,Argentina,Español,https://empretec.org.ar/formacion/,,,,,,,
,,,Proyectos,Gral.,Argentina,Español,https://empretec.org.ar/proyectos/,,,,,,,
,,,Instagram,Gral.,Argentina,Español,https://www.instagram.com/empretecarg/,,,,,,,
,,,Concursos,Gral.,Argentina,Español,https://empretec.org.ar/concurso/,,Anual,,,URL modificado,No,
25,Tecnologías Médicas,CONICET,Empleo,CyT,Argentina,Español,https://convocatorias.conicet.gov.ar/carrera-del-investigador/,,,,,,,
,,,Becas,CyT,Argentina,Español,https://convocatorias.conicet.gov.ar/becas/,https://convocatorias.conicet.gov.ar/feed/,No anda el RSS,,,URL correcto,No,No
,,,Financiamiento de Proyectos,CyT,Argentina,Español,https://convocatorias.conicet.gov.ar/investigacion-y-desarrollo/,,,,,URL modificado,No,
,,,Financiamiento de actividades de apoyo,CyT,Argentina,Español,https://convocatorias.conicet.gov.ar/convocatorias-abiertas/,,,,,URL modificado,No,
,,,Coop. Internacional,CyT,Argentina,Español,https://proyectosinv.conicet.gov.ar/convocatorias-y-oportunidades/,,,,,URL modificado,No,
,,,Convocatoria becas Coop. Internacional,CyT,Argentina,Español,https://proyectosinv.conicet.gov.ar/convocatorias-y-oportunidades/,,,,,,,
,,,Noticias,CyT,Argentina,Español,https://www.conicet.gov.ar/noticias-conicet/,,,,,,,
,,,Iniciativas,CyT,Argentina,Español,https://www.conicet.gov.ar/iniciativas/,,,,,,,
27,Emprendedores,Swiss Medical Group,Concursos,Tecnología,Argentina,Español,https://www.swissmedical.com.ar/subsitio/innova/?fbclid=IwAR0ASO0MRusL7KiKbJJpvzeMauucsSvD7aMjmqnUBQxN-WkRMcPokNXIvSQ,,,,,URL correcto pero convocatoria vencida,No,
28,Tecnologías Médicas - Emprendedores,INTI,Publicaciones,Tecnología,Argentina,Español,https://www.inti.gob.ar/publicaciones,,,,,,,
,,,Noticias,Tecnología,Argentina,Español,https://www.argentina.gob.ar/inti/noticias,,,,,,,
,,,Biblioteca,Tecnología,Argentina,Español,http://www-biblio.inti.gob.ar/,,,,,,,
,,,Empleo,Tecnología,Argentina,Español,https://www.inti.gob.ar/contrataciones,,,,,,,
,,,Capacitaciones,Tecnología,Argentina,Español,https://www.inti.gob.ar/capacitaciones,,,,,,,
,,,INCALIN,Tecnología,Argentina,Español,https://www.argentina.gob.ar/inti/incalin,,,,,,,
,,,Servicios industriales,Tecnología,Argentina,Español,https://www.inti.gob.ar/areas/servicios-industriales,,,,,,,
,,,Desarrollo Tecnológico e Innovación,Tecnología,Argentina,Español,https://www.inti.gob.ar/areas/desarrollo-tecnologico-e-innovacion,,,,,,,
,,,EPD,Tecnología,Argentina,Español,https://epd.inti.gob.ar/,,,,,,,
,,,Servicios Regulados,Tecnología,Argentina,Español,https://www.inti.gob.ar/areas/servicios-regulados,,,,,,,
,,,VincularIndustria,Tecnología,Argentina,Español,https://vincularindustria.inti.gob.ar/,,,,,,,
,,,Asistencia Regional,Tecnología,Argentina,Español,https://www.inti.gob.ar/areas/asistencia-regional,,,,,,,
,,,Metrología y Calidad,Tecnología,Argentina,Español,https://www.inti.gob.ar/areas/metrologia-y-calidad,,,,,,,
30,Tecnologías Médicas,Red OPP,Convocatorias ,,Argentina,Español,https://www.argentina.gob.ar/ciencia/agencia/red-opp/convocatorias,,,,,,,
,,,Capacitaciones,,Argentina,Español,https://www.argentina.gob.ar/ciencia/agencia/red-opp/capacitaciones,,,,,,,
31,,COFECYT,Financiamiento,,Argentina,Español,https://www.argentina.gob.ar/ciencia/cofecyt/convocatorias-abiertas,,,,,,,
,,,Proyectos,,Argentina,Español,https://www.argentina.gob.ar/ciencia/cofecyt/proyectos,,,,,,,
,,,Actas y Resoluciones,,Argentina,Español,https://www.argentina.gob.ar/ciencia/cofecyt/actasyresoluciones,,,,,,,
32,,CIECTI,Publicaciones,,Argentina,Español,https://www.ciecti.org.ar/publicaciones/,,,,,,,
,,,Novedades,,Argentina,Español,https://www.ciecti.org.ar/novedades-ispa/,,,,,,,
,,,Actividades,,Argentina,Español,https://www.ciecti.org.ar/cat/actividades/,,,,,,,
,,,Noticias,,Argentina,Español,https://www.ciecti.org.ar/cat/noticias/,,,,,,,
33,,CAEHFA,Novedades,,Argentina,Español,https://www.caehfa.org.ar/category/novedades/,,,,,,,
,,,Gestión de archivos,,Argentina,Español,https://www.caehfa.org.ar/category/gestion/,,,,,,,
,,,Documentos escenciales,,Argentina,Español,https://www.caehfa.org.ar/category/documentos-esenciales/,,,,,,,
34,,CAFIME,Novedades,,Argentina,Español,http://www.cafime.com/noticias.php,,,,,,,
36,,CADIEM,Novedades,,Argentina,Español,https://cadiem.org.ar/novedades/,,,,,,,
37,,CADIT,Eventos,,Argentina,Español,https://www.cadit.com.ar/calendario-de-eventos,,,,,,,
38,,CADIME,Eventos,,Argentina,Español,https://cadime.com.ar/institucional/eventos/,,,,,,,
,,,Capacitaciones,,Argentina,Español,https://cadime.com.ar/capacitacion/capacitacion-cadime-dpt/propuestas-de-capacitacion/,,,,,,,
40,Emprendedores,EVENTBRITE,Eventos: CABA,,Argentina,Español,https://www.eventbrite.com.ar/d/argentina--ciudad-de-buenos-aires/emprendedores/?page=1,,,,,,,
,,,Eventos: Córdoba,,Argentina,Español,https://www.eventbrite.com.ar/d/argentina--c%C3%B3rdoba/emprendedores/?page=1,,,,,,,
,,,Eventos: Santa Fé,,Argentina,Español,https://www.eventbrite.com.ar/d/united-states/emprendedores/?page=1&bbox=-60.74832570000001%2C-31.6730041%2C-60.664188499999966%2C-31.5632813,,,,,,,
,,,Eventos: Corrientes,,Argentina,Español,https://www.eventbrite.com.ar/d/united-states/emprendedores/?page=1&bbox=-58.86344029999998%2C-27.5340996%2C-58.72133299999996%2C-27.4384037,,,,,,,
,,,Eventos: Entre Ríos,,Argentina,Español,https://www.eventbrite.com.ar/d/argentina--entre-rios/emprendedores/?page=1,,,,,,,
41,,IEBS: emprendedores,Eventos,,Global,Español,https://www.iebschool.com/eventos/,,,,,,,
,,,Masters,,Global,Español,https://www.iebschool.com/emprendedores/masters/,,,,,,,
,,,Cursos,,Global,Español,https://www.iebschool.com/emprendedores/cursos/,,,,,,,
,,,Postgrados,,Global,Español,https://www.iebschool.com/emprendedores/postgrados/,,,,,,,
,,,Seminarios,,Global,Español,https://www.iebschool.com/seminarios/,,,,,,,
,,,Webinars,,Global,Español,https://www.iebschool.com/webinars/,,,,,,,
,,,Concursos,,Global,Español,https://www.iebschool.com/conocenos/becas-y-ayudas/concurso-emprendedores/,,,,,,,
42,,DIRIGENTES DIGITAL,Noticias,,España,Español,https://dirigentesdigital.com/,,,,,,,
43,,Agencia Argentina de Inversiones y Comercio Internacional,Capacitaciones,,Argentina,Español,https://aulavirtual.inversionycomercio.ar/course/index.php#,,,,,,,
,,,Premio EXPORTAR,,Argentina,Español,,,,,,,,
,,,Eventos,,Argentina,Español,https://www.inversionycomercio.ar/calendario,,,,,,,
,,,Novedades,,Argentina,Español,https://www.inversionycomercio.ar/novedades,,,,,,,
44,,Industria y Desarrollo Productivo,Financiamiento,,Argentina,Español,https://www.argentina.gob.ar/produccion/financiamiento,,,,,,,
,,,Beneficios impositivos,,Argentina,Español,https://www.argentina.gob.ar/produccion/beneficios-impositivos,,,,,,,
,,,Capacitaciones,,Argentina,Español,https://www.argentina.gob.ar/produccion/capacitacion,,,,,,,
,,,Herramientas Digitales,,Argentina,Español,https://www.argentina.gob.ar/produccion/economia-del-conocimiento-y-transformacion-digital,,,,,,,
,,,Datos productivos,,Argentina,Español,https://www.argentina.gob.ar/produccion/datos-productivos,,,,,,,
,,,Novedades,,Argentina,Español,https://www.argentina.gob.ar/produccion/noticias,,,,,,,
45,,Economía del conocimiento,Economía del conocimiento,,Argentina,Español,https://www.argentina.gob.ar/economia/conocimiento,,,,,,,
46,Tecnologías Médicas,Ministerio de Salud,Capacitaciones,,Argentina,Español,https://www.argentina.gob.ar/salud/capacitaciones,,,,,,,
,,,Trámites y Servicios,,Argentina,Español,https://www.argentina.gob.ar/salud/tramites-y-servicios,,,,,,,
,,,Boletín Epidemiológico,,Argentina,Español,https://bancos.salud.gob.ar/bancos/materiales-para-equipos-de-salud/soporte/boletines-epidemiologicos/,,,,,,,
,,,Legislación,,Argentina,Español,http://leg.msal.gov.ar/,,,,,,,
,,,Seguimiento de precios,,Argentina,Español,https://www.argentina.gob.ar/salud/seguimiento-precios,,,,,,,
47,Tecnologías Médicas - Emprendedores,Cancillería,Tradenet,,Argentina,Español,https://www.cancilleria.gob.ar/es/argentinatradenet,,,,,,,
,,,MERCOSUR- Normativas,,Argentina,Español,https://www.mercosur.int/documentos-y-normativa/normativa/,,,,,,,
,,,MERCOSUR- Estadísticas,,Argentina,Español,https://estadisticas.mercosur.int/,,,,,,,
48,Emprendedores,Emplifi,Centro de Recursos,,Global,Inglés,https://emplifi.io/resources,,,,,,,
,,,Novedades,,Global,Inglés,https://emplifi.io/press,,,,,,,
,,,Empleo,,Global,Inglés,https://emplifi.io/careers,,,,,,,
49,Tecnologías Médicas - Emprendedores,Banco Mundial,Eventos,,Global,Inglés,https://www.bancomundial.org/es/events,,,,,,,
,,,Empleo,,Global,Inglés,https://www.worldbank.org/en/about/careers,,,,,,,
,,,Programas y pasantías,,Global,Inglés,https://www.worldbank.org/en/about/careers/programs-and-internships,,,,,,,
50,,,Proyectos,,Global,Español,https://projects.bancomundial.org/es/projects-operations/projects-list?os=0,,,,,,,
51,,,Obtención de Resultados,,Global,Español,https://projects.bancomundial.org/es/projects-operations/procurement?showrecent=true&srce=notices,,,,,,,
52,Emprendedores,A Dónde Exportar,Ferias Internacionales,,Argentina,Español,https://www.adondexportar.com/principales-ferias-internacionales-2019/,,,,,,,
,,,Acuerdos Comerciales Internacionales,,Argentina,Español,https://www.adondexportar.com/acuerdos-comerciales/,,,,,,,
53,,Conference Alert,Salud y Medicina,,Global,Inglés,https://www.allconferencealert.com/health-and-medicine.html,,,,,,,
,,,Ingeniería y Tecnología,,Global,Inglés,https://www.allconferencealert.com/engineering-and-technology.html,,,,,,,
,,,Educación,,Global,Inglés,https://www.allconferencealert.com/education.html,,,,,,,
,,,Estudios Regionales,,Global,Inglés,https://www.allconferencealert.com/regional-studies.html,,,,,,,
,,,Webinars,,Global,Inglés,https://www.allconferencealert.com/webinar.html,,,,,,,
,,,Física y Ciencias de la Vida,,Global,Inglés,https://www.allconferencealert.com/physical-and-life-sciences.html,,,,,,,
,,,Economía y Negocios,,Global,,https://www.allconferencealert.com/business-and-economics.html,,,,,,,
,,,Matemática y Estadística,,Global,Inglés,https://www.allconferencealert.com/mathematics-and-statistics.html,,,,,,,
54,,MK Directo,Eventos y Formación,,México,Español,https://www.marketingdirecto.com/marketing-general/eventos-y-formacion,https://www.marketingdirecto.com/feed,,,,,,
,,,Eventos,,México,Español,https://eventos.marketingdirecto.com/,,,,,,,
,,,Tendencias Digitales y de Innovación,,México,Español,https://www.marketingdirecto.com/marketing-general/digital-innovation-trends-by-t2o,,,,,,,
55,,The Conference Board,Eventos,,Global,Inglés,https://www.conference-board.org/conferences/,,,,,,,
,,,Empleo,,Global,Inglés,https://conference-board.acquiretm.com/home.aspx,,,,,,,
57,Emprendedores,Similar Web,Recursos e Información,,Global,Español,https://www.similarweb.com/corp/es/resources/?content_type=report,,,,,,,
,,,Webinars,,Global,Español,https://www.similarweb.com/corp/es/webinars/,,,,,,,
,,,Eventos,,Global,Español,https://www.similarweb.com/corp/es/events/,,,,,,,
58,,DBK,Publicaciones,,España y Portugal,Español,https://www.dbk.es/es/ultimos-estudios,,,,,,,
,,,Análisis de Sector: Finanzas y Seguros,,España y Portugal,Español,https://www.dbk.es/es/finanzas-seguros,,,,,,,
,,,Análisis de Sector: Maquinaria Eléctrica y Electónica,,España y Portugal,Español,https://www.dbk.es/es/maquinaria,,,,,,,
,,,Análisis de Sector: Química y Petróleo,,España y Portugal,Español,https://www.dbk.es/es/quimica-petroleo,,,,,,,
,,,Análisis de Sector: Servicios a Empresas,,España y Portugal,Español,https://www.dbk.es/es/servicios,,,,,,,
59,,ESCAP,Novedades,,Las Naciones Unidas en la región de Asia y el Pacífico,Inglés,https://www.unescap.org/news,,,,,,,
,,,Actualizaciones,,Las Naciones Unidas en la región de Asia y el Pacífico,Inglés,https://www.unescap.org/latest-updates,,,,,,,
,,,Empleo,,Las Naciones Unidas en la región de Asia y el Pacífico,Inglés,https://www.unescap.org/jobs,,,,,,,
,,,Eventos,,Las Naciones Unidas en la región de Asia y el Pacífico,Inglés,https://www.unescap.org/events,,,,,,,
60,,WORLD ECONOMIC FORUM,Eventos,,Global,Inglés,https://www.weforum.org/events/,,,,,,,
,,,Novedades,,Global,Inglés,https://www.weforum.org/agenda,,,,,,,
61,,CORDIS,Noticias,,Global,Inglés,https://cordis.europa.eu/news/es,,,,,,,
,,,Proyectos,,Global,Inglés,https://cordis.europa.eu/projects/es,,,,,,,
,,,Paquetes Temáticos,,Global,Inglés,https://cordis.europa.eu/search/es?q=%2Farticle%2Frelations%2Fcategories%2Fcollection%2Fcode%3D%27projectsInfoPack%27%2C%27resultsPack%27&p=1&num=10&srt=Relevance:decreasing,,,,,,,
62,,EUROSTATS,Noticias,,Europa,Inglés,https://ec.europa.eu/eurostat/web/main/news/news-articles,https://ec.europa.eu/eurostat/en/search?p_p_id=estatsearchportlet_WAR_estatsearchportlet&p_p_lifecycle=2&p_p_state=maximized&p_p_resource_id=atom&_estatsearchportlet_WAR_estatsearchportlet_collection=CAT_PREREL,,,,,,
,,,Temas Estadísticos,,Europa,Inglés,https://ec.europa.eu/eurostat/web/main/data/statistical-themes,https://ec.europa.eu/eurostat/en/search?p_p_id=estatsearchportlet_WAR_estatsearchportlet&p_p_lifecycle=2&p_p_state=maximized&p_p_resource_id=atom&_estatsearchportlet_WAR_estatsearchportlet_collection=CAT_EURNEW,,,,,,
,,,Publicaciones,,Europa,Inglés,https://ec.europa.eu/eurostat/web/main/publications/interactive-publications,Datasets: https://ec.europa.eu/eurostat/en/search?p_p_id=estatsearchportlet_WAR_estatsearchportlet&p_p_lifecycle=2&p_p_state=maximized&p_p_resource_id=atom&_estatsearchportlet_WAR_estatsearchportlet_collection=dataset,,,,,,
63,,APEC,Publicaciones,,Asia-Pacífio,Inglés,https://www.apec.org/publications/listings,https://www.apec.org/feeds/rss,,,,,,
,,,Eventos,,Asia-Pacífio,Inglés,https://www.apec.org/events-calendar,,,,,,,
,,,Proyectos,,Asia-Pacífio,Inglés,https://www.apec.org/projects/projects-overview,,,,,,,
,,,Solicitud de Fondos,,Asia-Pacífio,Inglés,https://www.apec.org/projects/applying-for-funds,,,,,,,
64,,FIEL,Noticias,,Latinoamérica,Español,http://www.fiel.org/noticias,http://www.fiel.org/rss_feed,,,,,,
,,,Eventos,,Latinoamérica,Español,http://www.fiel.org/eventos,,,,,,,
,,,Papers,,Latinoamérica,Español,http://www.fiel.org/papers,,,,,,,
,,,Estadísticas,,Latinoamérica,Español,http://www.fiel.org/estadisticas,,,,,,,
65,,ARKLEMS + LAND,Seminarios,,Argentina,Español,https://arklems.org/seminarios/,,,,,,,
,,,Publicaciones,,Argentina,Español,https://arklems.org/publicaciones/,,,,,,,
,,,Workpackages,,Argentina,Español,https://arklems.org/modulo-capital/,,,,,,,
66,,Report Linker,Eventos,,Global,Inglés,https://ai.reportlinker.com/resources/events,,,,,,,
67,,EUROMONITOR,Empleo,,Europa,Inglés,https://www.euromonitor.com/careers,,,,,,,
,,,Eventos,,Europa,Inglés,https://www.euromonitor.com/events,,,,,,,
68,,IERAL,Investigaciones,,Argentina,Español,https://www.ieral.org/investigaciones-3611.html,,,,,,,
,,,Publicaciones,,Argentina,Español,https://www.ieral.org/novedades.asp,,,,,,,
,,,Eventos,,Argentina,Español,https://www.ieral.org/agenda.asp,,,,,,,
69,,FUNDES,Consultoría,,Latinoamérica,Español,https://fundes.org/consulting-blogs-and-news/,,,,,,,
,,,Catalyst,,Latinoamérica,Español,https://fundes.org/catalyst-blogs-and-news/,,,,,,,
,,,Fuentes,,Latinoamérica,Español,https://fundes.org/resources/,,,,,,,
70,Tecnologías Médicas - Emprendedores,Fundacion CREDICOOP,Capacitaciones,,Argentina,Español,https://www.fundacioncredicoop.com.ar/capacitacion,,,,,,,
,,,Créditos,,Argentina,Español,https://www.bancocredicoop.coop/empresas/pymes/creditos,,,,,,,
71,,OJF,Informes,,Argentina,Español,https://www.ojf.com/Informes-Libre-Acceso#Informe-IGA,,,,,,,
72,,MCKINSEY COMPANY,Empleo,,Argentina,Inglés,https://www.mckinsey.com/careers/search-jobs,,,,,,,
73,Emprendedores,Quantum Finanzas,Noticias y Reportes,,Argentina,Español,http://www.qf.com.ar/reportes.php?tipo=2,,,,,,,
,,,Monitor Semanal,,Argentina,Español,http://www.qf.com.ar/reportes.php?tipo=3,,,,,,,
74,,UIA,Noticias,,Argentina,Español,https://www.uia.org.ar/comunicaciones/noticias/,,,,,,,
,,,Publicaciones,,Argentina,Español,https://www.uia.org.ar/publicaciones/,,,,,,,
,,,Eventos,,Argentina,Español,https://www.uia.org.ar/eventos/,,,,,,,
,,,Soluciones,,Argentina,Español,https://www.uia.org.ar/soluciones-uia/,,,,,,,
75,Tecnologías Médicas - Emprendedores,CEU: Centro de Estudios UIA,Novedades,,Argentina,Español,https://www.uia.org.ar/centro-de-estudios/,,,,,,,
,,,Actualidad Industrial,,Argentina,Español,https://www.uia.org.ar/centro-de-estudios/documentos/actualidad-industrial/,,,,,,,
,,,Trabajos de Investigación,,Argentina,Español,https://www.uia.org.ar/centro-de-estudios/documentos/trabajos-de-investigacion/,,,,,,,
,,,Informes Sectoriales,,Argentina,Español,https://www.uia.org.ar/centro-de-estudios/documentos/informes-sectoriales/,,,,,,,
,,,Artículos Periodísticos,,Argentina,Español,https://www.uia.org.ar/centro-de-estudios/documentos/articulos-periodisticos/,,,,,,,
76,Tecnologías Médicas,INDEC,Noticias,,Argentina,Español,https://www.indec.gob.ar/indec/web/Institucional-Indec-Gacetillas,,,,,,,
77,,Fondo Monetario Internacional,Novedades,,Global,Inglés,https://www.imf.org/en/News,,,,,,,
,,,Publicaciones,,Global,Inglés,https://www.imf.org/en/Publications,,,,,,,
,,,Capacitaciones,,Global,Inglés,https://www.imf.org/en/Capacity-Development,,,,,,,
,,,Eventos,,Global,Inglés,https://www.imf.org/en/News/Seminars,,,,,,,
78,,CEPAL,Cursos,,Latinoamérica,Español,https://www.cepal.org/es/courses/upcoming/method,,,,,,,
,,,Eventos,,Latinoamérica,Español,https://www.cepal.org/es/eventos,,,,,,,
,,,Datos y Estadísticas,,Latinoamérica,Español,https://statistics.cepal.org/portal/cepalstat/index.html?lang=es,,,,,,,
,,,Publicaciones,,Latinoamérica,Español,https://www.cepal.org/es/publications,,,,,,,
79,,OECD,Publicaciones,,Global,Inglés,https://www.oecd-ilibrary.org/search?option1=dcterms_type&value1=subtype%2Fissue+OR+subtype%2Fbook&facetOptions=51&facetNames=pub_igoId_facet&operator51=AND&option51=pub_igoId_facet&value51=%27igo%2Foecd%27&option3=pub_contentStatus&value3=status%2F50embargoDate&option4=sortDate_from&value4=20230508145113&option5=sortDate_to&value5=30230508145113&sortField=prism_publicationDate&sortDescending=false&publisherId=%2Fcontent%2Figo%2Foecd,,,,,,,
,,,Bases de datos,,Global,Inglés,https://www.oecd-ilibrary.org/statistics,,,,,,,
,,,Noticias,,Global,Inglés,https://www.oecd.org/newsroom/,,,,,,,
,,,Eventos,,Global,Inglés,https://www.oecd.org/about/upcoming-events/,,,,,,,
80,,UNDP,Novedades,,Global,Inglés,https://www.undp.org/news-centre,,,,,,,
,,,Publicaciones,,Global,Inglés,https://www.undp.org/publications,,,,,,,
81,,WTO,Eventos,,Global,Español,https://www.wto.org/spanish/news_s/events_s/events_s.htm,,,,,,,
,,,Noticias,,Global,Español,https://www.wto.org/spanish/news_s/news_s.htm,https://www.wto.org/library/rss/latest_news_s.xml,,,,,,
,,,Publicaciones,,Global,Español,https://www.wto.org/spanish/res_s/publications_s/publications_s.htm,,,,,,,
,,,Datos comerciales y arancelarios,,Global,Español,https://www.wto.org/spanish/res_s/statis_s/statis_s.htm,,,,,,,
,,,Estudios y análisis económico,,Global,Español,https://www.wto.org/spanish/res_s/reser_s/reser_s.htm,,,,,,,
82,,Agencia Bloomberg,Noticias,,Global,Inglés,https://www.bloomberg.com/,,,,,,,
83,,ALADI,Acuerdos,,Latinoamérica,Español,https://www.aladi.org/sitioaladi/acuerdosactuales/,,,,,,,
,,,Normativas Institucionales,,Latinoamérica,Español,https://www.aladi.org/sitioaladi/normativa-institucional/,,,,,,,
,,,Actividades y Eventos,,Latinoamérica,Español,https://www.aladi.org/sitioaladi/actividadesyeventos/,,,,,,,
,,,Cursos,,Latinoamérica,Español,https://campus.aladi-cvf.org/?lang=es,,,,,,,
,,,Estudios de Integración,,Latinoamérica,Español,https://www.aladi.org/sitioaladi/sistema-de-apoyo/estudios/,,,,,,,
84,Tecnologías Médicas - Emprendedores,CEPII,Noticias,,Global,Inglés,http://www.cepii.fr/CEPII/en/publications/medias.asp,,,,,,,
,,,Eventos,,Global,Inglés,http://www.cepii.fr/CEPII/en/evenements/conf.asp,,,,,,,
,,,Investigaciones,,Global,Inglés,http://www.cepii.fr/CEPII/en/recherche/programmes_scientifiques.asp,,,,,,,
,,,Publicaciones,,Global,Inglés,http://www.cepii.fr/CEPII/en/publications/publicat.asp,,,,,,,
,,,Datasets,,Global,Inglés,http://www.cepii.fr/CEPII/en/bdd_modele/bdd_modele.asp,,,,,,,
85,Tecnologías Médicas,SENASA,Trámites y Servicios,,Argentina,Español,https://www.argentina.gob.ar/senasa/tramites,,,,,,,
,,,Registros y Datos Abiertos,,Argentina,Español,https://www.argentina.gob.ar/senasa/registros-y-datos-abiertos-0,,,,,,,
,,,Normativas,,Argentina,Español,https://www.argentina.gob.ar/senasa/normativa,,,,,,,
,,,Boletín,,Argentina,Español,https://www.argentina.gob.ar/senasa/biblioteca/boletines-bibliograficos,,,,,,,
,,,Cursos,,Argentina,Español,https://www.argentina.gob.ar/senasa/capacitacion/usuarios-externos/oferta-formativa,,,,,,,
,,,Pasos para la Exportación,,Argentina,Español,https://www.argentina.gob.ar/senasa/exportaciones-importaciones-estadisticas-y-relaciones-internacionales/relaciones-internacionales/pasos-para-la-exportacion,,,,,,,
86,,GlobalSpec,Noticias,,Global,Inglés,https://insights.globalspec.com/,,,,,,,
,,,Normativas,,Global,Inglés,https://standards.globalspec.com/,,,,,,,
,,,Webinars,,Global,Inglés,https://www.globalspec.com/webinars,,,,,,,
87,,EUR-LEX,Actos jurídicos,,Europa,Español,https://eur-lex.europa.eu/browse/directories/legislation.html,,,,,,,
,,,Acuerdos Internacionales,,Europa,Español,https://eur-lex.europa.eu/browse/directories/inter-agree.html,,,,,,,
,,,Documentos Preparatorios,,Europa,Español,https://eur-lex.europa.eu/browse/directories/legislation-preparation.html,,,,,,,
,,,Jurisprudencia,,Europa,Español,https://eur-lex.europa.eu/browse/directories/new-case-law.html,,,,,,,
,,,Novedades,,Europa,Español,https://eur-lex.europa.eu/content/development/developmentLatest.html,,,,,,,
,,,JURE (colección de jurisprudencia),,Europa,Español,https://eur-lex.europa.eu/collection/n-law/jure.html,,,,,,,
88,,Hospimedica,Novedades,,Global,Español,https://www.hospimedica.es/,,,,,,,
89,,ANII,Novedades,,Uruguay,Español,https://www.anii.org.uy/noticias/,,,,,,,
,,,Proyectos,,Uruguay,Español,https://www.anii.org.uy/proyectos/,,,,,,,
,,,Convocatoria Formación,,Uruguay,Español,https://www.anii.org.uy/apoyos/formacion/,,,,,,,
,,,Convocatoria Emprendimientos,,Uruguay,Español,https://www.anii.org.uy/apoyos/emprendimientos/,,,,,,,
,,,Convocatoria Innovación,,Uruguay,Español,https://www.anii.org.uy/apoyos/innovacion/,,,,,,,
,,,Convocatoria Investigación,,Uruguay,Español,https://www.anii.org.uy/apoyos/investigacion/,,,,,,,
,,,Residencias,,Argentina,Español,https://www.argentina.gob.ar/anmat/formacion/residencias,,,,,,,
,,,Becas,,Argentina,Español,https://www.argentina.gob.ar/anmat/formacion/becas,,,,,,,
,,,Publicaciones,,Europa,Inglés,https://healthcare-in-europe.com/en/print/,,,,,,,
,,,Eventos,,Europa,Inglés,https://healthcare-in-europe.com/en/events/,,,,,,,
,,,Eventos,,Global,Español,https://www.fenin.es/eventos,,,,,,,
95,Tecnologías Médicas-Emprendedores,ANDE,Novedades,,Uruguay,Español,https://www.ande.org.uy/noticias.html,,,,,,,
,,,Convocatorias,,Uruguay,Español,https://www.ande.org.uy/convocatorias.html,,,,,,,
96,,Costa Salguero,Eventos,,Argentina,Español,https://centrocostasalguero.com/agenda/,,,,,,,
97,Tecnologías Médicas,FUDESA,,,,,,,,,,,,
98,,El Hospital,Eventos,,Global,Español,https://www.elhospital.com/es/eventos?items_per_page=9,,,,,,,
,,,Noticias,,Global,Español,https://www.elhospital.com/es/noticias?items_per_page=9,,,,,,,
99,Tecnologías Médicas - Emprendedores,CorLab,Novedades,,Argentina,Español,https://corlab.cordoba.gob.ar/contenidos/,,,,,,,
,,,Eventos,,Argentina,Español,https://corlab.cordoba.gob.ar/actividades/lista/,,,,,,,
,,,Convocatorias,,Argentina,Español,https://corlab.cordoba.gob.ar/convocatorias/,,,,,,,
,,,Publicaciones,,Argentina,Español,https://corlab.cordoba.gob.ar/#publicaciones,,,,,,,
100,Tecnologías Médicas,ADIMRA,Noticias,,Argentina,Español,https://www.adimra.org.ar/noticias,,,,,,,
,,,Financiamiento,,Argentina,Español,https://www.adimra.org.ar/ventanilla/financiamiento,,,,,,,
,,,Beneficios impositivos,,Argentina,Español,https://www.adimra.org.ar/ventanilla/beneficios-fiscales-e-impositivos,,,,,,,
,,,Capacitaciones,,Argentina,Español,https://www.adimra.org.ar/ventanilla/formacion-profesional-y-capacitacion-continua,,,,,,,
,,,"Seguridad, Ambiente y Salud Ocupacional",,Argentina,Español,https://www.adimra.org.ar/ventanilla/seguridad-ambiente-y-salud-ocupacional,,,,,,,
,,,Servicios Tecnológicos,,Argentina,Español,https://www.adimra.org.ar/ventanilla/servicios-tecnologicos,,,,,,,
,,,Servicios,,Argentina,Español,https://www.adimra.org.ar/servicios,,,,,,,
101,Tecnologías Médicas - Emprendedores,ICCTI,Becas,,Argentina,Español,https://iccti.chaco.gob.ar/becas/,,,,,,,
,,,Programas,,Argentina,Español,https://iccti.chaco.gob.ar/programas/,,,,,,,
,,,Eventos,,Argentina,Español,https://iccti.chaco.gob.ar/events/,,,,,,,
,,,Noticias,,Argentina,Español,https://iccti.chaco.gob.ar/noticias/,,,,,,,
102,Tecnologías Médicas,FAN,Financiamiento,,Argentina,Español,https://www.fan.org.ar/convocatorias/#financiamiento,,,,,,,
,,,Convocatorias,,Argentina,Español,https://www.fan.org.ar/convocatorias/#busquedas,,,,,,,
,,,Concursos,,Argentina,Español,https://www.fan.org.ar/convocatorias/#concursos,,,,,,,
,,,Becas,,Argentina,Español,https://www.fan.org.ar/convocatorias/#becas,,,,,,,
,,,Eventos,,Argentina,Español,https://www.fan.org.ar/agenda/,,,,,,,
,,,Cursos,,Argentina,Español,https://www.fan.org.ar/cursos/,,,,,,,
103,,BICE,Novedades,,Argentina,Español,https://www.bice.com.ar/novedades/,,,,,,,
,,,Financiamiento,,Argentina,Español,https://www.bice.com.ar/capital-de-trabajo/,,,,,,,
104,Emprendedores,Academia BuenosAires,Cursos grabados,,Argentina,Español,https://academiaba.buenosaires.gob.ar/cursos-grabados/,,,,,,,
,,,Cursos en vivo,,Argentina,Español,https://academiaba.buenosaires.gob.ar/etapas-de-diseno-vivo/,,,,,,,
105,,UCEMA,Centro de Emprendedores e Innovación,,Argentina,Español,https://ucema.edu.ar/cei,,,,,,,
,,,Publicaciones,,Argentina,Español,https://ucema.edu.ar/investigacion-y-publicaciones,,,,,,,
,,,Seminarios,,Argentina,Español,https://ucema.edu.ar/ciclos-de-seminarios,,,,,,,
106,,UAP,Publicaciones,,Argentina,Español,https://www.palermo.edu/negocios/publicaciones/,,,,,,,
,,,Emprendimiento,,Argentina,Español,https://www.palermo.edu/negocios/cedex/,,,,,,,
,,,Novedades,,Argentina,Español,https://www.palermo.edu/negocios/novedades/,,,,,,,
,,,Cursos,,Argentina,Español,https://www.palermo.edu/cursos/cursos.html,,,,,,,
107,,CreAr,Monotributistas,Gral,Argentina,Español,https://www.argentina.gob.ar/servicio/obtene-financiamiento-traves-de-crear-microempresas-productivas-monotributistas,,,,,,,
,,,Empresas,Gral,Argentina,Español,https://www.argentina.gob.ar/produccion/crear-programa-credito-argentino,,,,,,,
108,Tecnologías Médicas,WorkerTech,Oferta formativa,Gral,Argentina,Español,https://www.workertechargentina.org/ofertas-formativas,,,,,,,
,,,Novedades,Gral,Argentina,Español,https://www.workertechargentina.org/novedades,,,,,,,
,,,Investigaciones,Gral,Argentina,Español,https://www.workertechargentina.org/investigaciones,,,,,,,
,,,Concursos,Gral,Argentina,Español,https://www.workertechargentina.org/concursos,,,,,,,
109,Emprendedores,Amazon Web Services,Eventos,Gral,Global,Español,https://aws.amazon.com/es/events/?nc2=h_ql_ev&events-master-main.sort-by=item.additionalFields.startDateTime&events-master-main.sort-order=desc&awsf.events-master-type=*all&awsf.events-master-audience=*all,,,,,,,
,,,Cursos,Gral,Global,Español,https://aws.amazon.com/es/events/sessions/?webinars-latam-cards.sort-by=item.additionalFields.startDateTime&webinars-latam-cards.sort-order=desc&awsf.webinars-latam-filter-expertise=*all&awsf.webinars-latam-filter-type=*all&awsf.webinars-latam-filter-delivery=*all&awsf.webinars-latam-filter-category=*all&awsf.webinars-latam-filter-segment=*all&awsf.webinars-latam-filter-industry=*all,,,,,,,
110,,GS1,Capacitaciones,Gral,Argentina,Español,https://www.gs1.org.ar/Site/CapacitacionesYEventos/listadoCursos.html,,,,,,,
111,,CAC,Eventos,Gral,Argentina,Español,https://www.cac.com.ar/eventos,,,,,,,
,,,Noticias,Gral,Argentina,Español,https://www.cac.com.ar/noticias,,,,,,,
112,,Connect America,Eventos,Gral,Argentina,Español,https://connectamericas.com/es/page/search?qt-search_tabs_container=4,,,,,,,
113,Tecnologías Médicas,Philips,Noticias,Gral,Global,Inglés,https://www.philips.com.ar/a-w/about/news/home,,,,,,,
,,,Servicios,Gral,Global,Inglés,https://www.philips.com.ar/healthcare/services,,,,,,,
,,,Informes,Gral,Global,Inglés,https://www.philips.com.ar/healthcare/resources/landing/strategic-partnership-report-series,,,,,,,
114,Emprendedores,Conectar Igualdad,Cursos,Gral,Global,Español,https://formacion.conectarigualdad.edu.ar/cursos?provider=8,,,,,,,
,,,Seminarios,Gral,Global,Español,https://conectarigualdad.edu.ar/seminarios-charlas-y-talleres,,,,,,,
,,,Publicaciones,Gral,Global,Español,https://recursos.conectarigualdad.edu.ar/publicaciones,,,,,,,
115,,Cites,Novedades,Gral,Argentina,Español,https://cites-gss.com/lo-mas-nuevo/,,,,,,,
116,Tecnologías Médicas - Emprendedores,LIDE,Eventos,Gral,Argentina,Español,https://lideargentina.com/eventos-proximos,,,,,,,
,,,Novedades,Gral,Argentina,Español,https://lideargentina.com/lide-news/actualidad,,,,,,,
117,Tecnologías Médicas - Emprendedores,EDX,Cursos,Informática,Global,Español,https://www.edx.org/es/aprende/programacion-informatica,,,,,,,
,,,,Tecnologías de la salud,Global,Español,https://www.edx.org/es/aprende/tecnologia-de-la-salud,,,,,,,
,,,,Idiomas,Global,Español,https://www.edx.org/es/aprende/idiomas,,,,,,,
,,,,Ciencia de datos,Global,Español,https://www.edx.org/es/aprende/ciencia-de-datos,,,,,,,
,,,,Administración de empresas,Global,Español,https://www.edx.org/es/aprende/administracion-de-empresas,,,,,,,
,,,,Ingeniería,Global,Español,https://www.edx.org/es/aprende/ingenieria,,,,,,,
,,,,Humanidades,Global,Español,https://www.edx.org/es/aprende/humanidades,,,,,,,
118,Emprendedores,Endeavor,Convocatorias,Gral,Global,Español,https://www.endeavor.org.ar/programas/,,,,,,,
,,,Novedades,Gral,Global,Español,https://www.endeavor.org.ar/blog/,,,,,,,
,,,Eventos,Gral,Global,Español,https://www.endeavor.org.ar/eventos/,,,,,,,
119,Emprendedores,"1, 2, 3 emprende",Eventos,Gral,Global,Español,https://123emprende.com/agenda,,,,,,,
,,,Cursos,Gral,Global,Español,https://123emprende.com/servicios/formacion,,,,,,,
120,Tecnologías Médicas - Emprendedores,IUDPT,Cursos,Gral,Argentina,Español,https://iudpt.edu.ar/cursos/,,,,,,,
,,,Noticias,Gral,Argentina,Español,https://iudpt.edu.ar/noticias/,,,,,,,
121,,IRAM,Cursos,Gral,Global,Español,https://www.iram.org.ar/cursos/,,,,,,,
,,,Diplomados y extensivos,Gral,Global,Español,https://www.iram.org.ar/diplomados-y-extensivos/,,,,,,,
122,,FIFARMA,Eventos,Gral,Global,Español,https://fifarma.org/eventos/,,,,,,,
,,,Publicaciones,Gral,Global,Español,https://fifarma.org/publicaciones/,,,,,,,
,,,Cursos,Gral,Global,Español,https://fifarma.org/academia/,,,,,,,
123,Emprendedores,CIDETER,Seminarios,Gral,Argentina,Español,https://cideter.org.ar/utd/,,,,,,,
,,,Cursos,Gral,Argentina,Español,https://cideter.org.ar/capacitacion/,,,,,,,
,,,Formulación y gestión de proyectos,Gral,Argentina,Español,https://cideter.org.ar/formulacion-y-gestion-de-proyectos/,,,,,,,
124,,EXIMEDIA,Cursos,Gral,Global,Español,https://www.eximediard.com/cursos-2,,,,,,,
,,,Diplomados,Gral,Global,Español,https://www.eximediard.com/diplomados-2,,,,,,,
,,,Eventos,Gral,Global,Español,https://www.eximediard.com/event,,,,,,,
125,,Plataforma de aprendizaje virtual,Robótica,Gral,Argentina,Español,https://cursos.innovacion.gob.ar/enrol/index.php?id=1294,,,,,,,
,,,Ciberseguridad,Gral,Argentina,Español,https://cursos.innovacion.gob.ar/enrol/index.php?id=1093,,,,,,,
,,,Educación y TIC,Gral,Argentina,Español,https://cursos.innovacion.gob.ar/enrol/index.php?id=1031,,,,,,,
,,,Bases de datos,Gral,Argentina,Español,https://cursos.innovacion.gob.ar/enrol/index.php?id=1059,,,,,,,
,,,"Emprendedurismo, Marketing Digital y Finanzas",Gral,Argentina,Español,https://cursos.innovacion.gob.ar/enrol/index.php?id=1019,,,,,,,
126,,Institución Cervantes,Eventos,Gral,Argentina,Español,https://www.cervantes.edu.ar/eventos/events.asp,,,,,,,
,,,Noticias,Gral,Argentina,Español,https://www.cervantes.edu.ar/news/news.asp,,,,,,,
,,,Capacitaciones,Gral,Argentina,Español,https://www.cervantes.edu.ar/institucional/ccap.asp,,,,,,,
127,,Uruguay Emprende,Eventos,Gral,Uruguay,Español,https://www.uruguayemprendedor.uy/eventos/,,,,,,,
,,,Noticias,Gral,Uruguay,Español,https://www.uruguayemprendedor.uy/noticias/,,,,,,,
,,,Cursos,Gral,Uruguay,Español,https://www.uruguayemprendedor.uy/cursos/,,,,,,,
,,,Herramientas,Gral,Uruguay,Español,https://www.uruguayemprendedor.uy/herramientas/,,,,,,,
128,,Founder Institute,Webinars,Gral,Global,Inglés,https://fi.co/events,,,,,,,
,,CaCESFe,Capacitaciones,Gral,Argentina,Español,https://www.comercioexterior.org.ar/capacitacion/index.html#,,,,,,,
,,,Agenda,Gral,Argentina,Español,https://www.comercioexterior.org.ar/agenda/1/index.html,,,,,,,
129,Tecnologías Médicas,Instituto de Efectividad Clínica y Sanitaria (IECS),Cursos,Gral,Argentina,Español,https://educacion.iecs.org.ar/,,,,,,,
130,,Organización Panamericana de la Salud,Eventos,Gral,Global,,https://www.paho.org/es/eventos,,,,,,,
131,,ehcos,Webinars,Gral,Global,,https://www.ehcos.com/category/webinar/,,,,,,,
132,,ADECRA + CEDIM,Eventos y cursos,Gral,Argentina,Español,https://comunicacion.adecra.org.ar/eventos-cursos/,,,,,,,
,,,Normativas,Gral,Argentina,Español,https://biblioteca.adecra.org.ar/search/normativas,,,,,,,
,,DISTV Hospital Italiano de BA,charlas en youtube,Gral,Argentina,Español,https://www.youtube.com/@DISTVhiba,,,,,,,
,,,,,,,,,,,,,,
,,,,,,,,,,,,,,
,,,,,,,,,,,,,,
,,,,,,,,,,,,,,
,,,,,,,,,,,,,,
,,,,,Referencias,,,,,,,,,
,,,,,Revisar con Nancy,,,,,,,,,